{
    "type": "Calibration Parameter for Stereo Camera",
    "version": 1.2,
    "master": {
        "serial": 0,
        "camera_pose": {
            "trans": [
                3.0016008999233007e-14,
                5.4543707931704984e-15,
                -4.832086433810774e-13
            ],
            "rot": [
                1.147418913357589e-11,
                2.0042695889337886e-11,
                1.222158430797115e-13
            ]
        },
        "lens_params": {
            "focal_len": [
                641.8333531354511,
                641.8333531354511
            ],
            "principal_point": [
                309.4109382434117,
                258.82858265848694
            ],
            "skew": 0,
            "k1": -0.015136023194323986,
            "k2": 0.2177351340933552,
            "k3": 0.0025235154109215703,
            "k4": 0.0022730661434222452,
            "k5": -0.7167190677252845,
            "calib_res": [
                640,
                480
            ]
        }
    },
    "slave": {
        "serial": 1,
        "camera_pose": {
            "trans": [
                0.0,
                0.0,
                0.0
            ],
            "rot": [
                0.0,
                0.0,
                0.0
            ]
        },
        "lens_params": {
            "focal_len": [
                641.8333531349957,
                641.8333531349957
            ],
            "principal_point": [
                309.4109382431594,
                258.82858265860784
            ],
            "skew": 0,
            "k1": -0.015136023196253868,
            "k2": 0.21773513410275486,
            "k3": 0.0025235154110299133,
            "k4": 0.0022730661432821164,
            "k5": -0.7167190677315167,
            "calib_res": [
                640,
                480
            ]
        }
    },
    "reprojection_error": 0.08387038,
    "essensial_matrix": [
        -0.0,
        0.0,
        0.0,
        -0.0,
        -0.0,
        -0.0,
        -0.0,
        0.0,
        -0.0
    ],
    "fundamental_matrix": [
        -1e-06,
        549492671.8728456,
        -138243391353.99585,
        -549492671.8728324,
        -5.66e-06,
        148111057934.8194,
        138243391353.9917,
        -148111057934.8208,
        1.0
    ]
}